id,user_id,action,module,details,ip_address,timestamp,role
1,1,TEST,TEST_MODULE,Testing audit logger,,2025-10-27 17:39:30.799353,
2,1,LOGIN,AUTH,User admin logged in successfully,,2025-10-27 17:40:14.644585,
3,1,LOGIN,AUTH,User admin logged in successfully,,2025-10-27 18:00:59.225049,
4,1,LOGIN,AUTH,User admin logged in successfully,,2025-10-27 18:11:07.187982,
5,1,Created Employee,Employee,Added employee Test Employee,,2025-10-27 18:11:07.303370,
6,1,LOGIN,AUTH,User admin logged in successfully,127.0.0.1,2025-10-27 19:32:24.363114,
7,1,LOGIN,AUTH,User admin logged in successfully,127.0.0.1,2025-10-27 20:21:12.997298,
8,1,LOGIN,AUTH,User admin logged in successfully,127.0.0.1,2025-10-27 20:22:10.301446,
9,1,LOGIN,AUTH,User admin logged in successfully,127.0.0.1,2025-10-27 20:22:57.112608,
10,1,LOGIN,AUTH,User admin logged in successfully,127.0.0.1,2025-10-27 20:31:02.350053,
11,1,LOGIN,AUTH,User admin logged in successfully,127.0.0.1,2025-10-27 20:36:21.638271,
12,1,LOGIN,AUTH,User admin logged in successfully,127.0.0.1,2025-10-27 20:51:16.530977,
13,1,LOGIN,AUTH,User admin logged in successfully,127.0.0.1,2025-10-28 10:39:55.503035,
14,1,LOGIN,AUTH,User admin logged in successfully,127.0.0.1,2025-10-28 11:01:11.380938,
15,1,LOGIN,AUTH,User admin logged in successfully,127.0.0.1,2025-10-28 11:33:52.466524,
16,1,LOGIN,AUTH,User admin logged in successfully,127.0.0.1,2025-10-28 11:34:41.573457,
17,1,VIEW_EMPLOYEES,EMPLOYEE,Viewed employee list,,2025-10-28 11:34:58.907224,
18,1,LOGIN_SUCCESS,AUTH,User admin logged in successfully,127.0.0.1,2025-10-28 12:09:51.078042,
19,1,VIEW_EMPLOYEES,EMPLOYEE,Viewed employee list,,2025-10-28 12:09:52.214613,
20,1,VIEW_EMPLOYEES,EMPLOYEE,Viewed employee list,,2025-10-28 12:09:52.278296,
21,1,VIEW_EMPLOYEES,EMPLOYEE,Viewed employee list,,2025-10-28 12:12:01.265347,
22,1,VIEW_EMPLOYEES,EMPLOYEE,Viewed employee list,,2025-10-28 12:12:01.318035,
23,1,LOGIN_SUCCESS,AUTH,User admin logged in successfully,127.0.0.1,2025-10-30 16:24:47.701354,
24,1,VIEW_EMPLOYEES,EMPLOYEE,Viewed employee list,,2025-10-30 16:24:48.882902,
25,1,VIEW_EMPLOYEES,EMPLOYEE,Viewed employee list,,2025-10-30 16:24:48.930540,
26,1,LOGIN_SUCCESS,AUTH,User admin logged in successfully,127.0.0.1,2025-10-30 16:27:52.995670,
27,1,CREATE,EMPLOYEE,Added employee John Doe (ID: 2),127.0.0.1,2025-10-30 16:36:03.231979,
28,1,LOGIN_SUCCESS,AUTH,User admin logged in successfully,127.0.0.1,2025-10-30 16:49:00.793451,
29,1,LOGIN_SUCCESS,AUTH,User admin logged in successfully,127.0.0.1,2025-10-30 16:49:02.934067,
30,1,LOGIN_SUCCESS,AUTH,User admin logged in successfully,127.0.0.1,2025-10-30 18:11:47.511368,
31,admin,VIEW_EMPLOYEES,EMPLOYEE,Viewed employee list,,2025-10-30 18:11:48.696025,
32,admin,VIEW_EMPLOYEES,EMPLOYEE,Viewed employee list,,2025-10-30 18:11:48.754850,
33,1,LOGIN_SUCCESS,AUTH,User admin logged in successfully,127.0.0.1,2025-10-30 18:23:35.066598,
34,1,LOGIN_SUCCESS,AUTH,User admin logged in successfully,127.0.0.1,2025-10-30 18:40:45.872944,
35,1,CREATE,EMPLOYEE,Added employee Jane Doe (ID: 3),127.0.0.1,2025-10-30 18:42:51.012280,
36,1,LOGIN_SUCCESS,AUTH,User admin logged in successfully,127.0.0.1,2025-10-30 18:46:53.085914,
37,admin,VIEW_EMPLOYEES,EMPLOYEE,Viewed employee list,,2025-10-30 18:46:54.239311,
38,admin,VIEW_EMPLOYEES,EMPLOYEE,Viewed employee list,,2025-10-30 18:46:54.290840,
39,1,CREATE,EMPLOYEE,Added employee Samuel Mwangi (ID: 4),127.0.0.1,2025-10-30 18:50:26.482410,
40,1,LOGIN_SUCCESS,AUTH,User admin logged in successfully,127.0.0.1,2025-10-30 19:28:50.723033,
41,admin,VIEW_EMPLOYEES,EMPLOYEE,Viewed employee list,,2025-10-30 19:28:51.911166,
42,admin,VIEW_EMPLOYEES,EMPLOYEE,Viewed employee list,,2025-10-30 19:28:51.974062,
43,admin,VIEW_EMPLOYEES,EMPLOYEE,Viewed employee list,,2025-10-30 19:28:58.957463,
44,admin,VIEW_EMPLOYEES,EMPLOYEE,Viewed employee list,,2025-10-30 19:28:59.028514,
45,1,LOGIN_SUCCESS,AUTH,User admin logged in successfully,127.0.0.1,2025-10-30 20:44:18.456938,
46,admin,VIEW_EMPLOYEES,EMPLOYEE,Viewed employee list,,2025-10-30 20:44:19.601547,
47,admin,VIEW_EMPLOYEES,EMPLOYEE,Viewed employee list,,2025-10-30 20:44:19.653859,
48,admin,VIEW_EMPLOYEES,EMPLOYEE,Viewed employee list,,2025-10-30 20:44:23.296875,
49,admin,VIEW_EMPLOYEES,EMPLOYEE,Viewed employee list,,2025-10-30 20:44:23.350010,
50,1,LOGIN_SUCCESS,AUTH,User admin logged in successfully,127.0.0.1,2025-11-03 13:57:57.255502,
51,admin,VIEW_EMPLOYEES,EMPLOYEE,Viewed employee list,,2025-11-03 13:57:58.457854,
52,admin,VIEW_EMPLOYEES,EMPLOYEE,Viewed employee list,,2025-11-03 13:57:58.516568,
53,1,LOGIN_SUCCESS,AUTH,User admin logged in successfully,127.0.0.1,2025-11-03 14:00:16.666085,
54,admin,VIEW_EMPLOYEES,EMPLOYEE,Viewed employee list,,2025-11-03 14:00:17.823043,
55,admin,VIEW_EMPLOYEES,EMPLOYEE,Viewed employee list,,2025-11-03 14:00:17.890732,
56,admin,VIEW_EMPLOYEES,EMPLOYEE,Viewed employee list,,2025-11-03 14:04:11.659623,
57,admin,VIEW_EMPLOYEES,EMPLOYEE,Viewed employee list,,2025-11-03 14:04:11.719057,
58,admin,VIEW_EMPLOYEES,EMPLOYEE,Viewed employee list,,2025-11-03 14:04:50.158947,
59,admin,VIEW_EMPLOYEES,EMPLOYEE,Viewed employee list,,2025-11-03 14:04:50.216925,
60,admin,VIEW_EMPLOYEES,EMPLOYEE,Viewed employee list,,2025-11-03 14:08:22.644498,
61,admin,VIEW_EMPLOYEES,EMPLOYEE,Viewed employee list,,2025-11-03 14:08:22.713983,
62,admin,VIEW_EMPLOYEES,EMPLOYEE,Viewed employee list,,2025-11-03 14:08:31.089567,
63,admin,VIEW_EMPLOYEES,EMPLOYEE,Viewed employee list,,2025-11-03 14:08:31.145385,
64,1,LOGIN_SUCCESS,AUTH,User admin logged in successfully,127.0.0.1,2025-11-03 14:27:11.622489,
65,admin,VIEW_EMPLOYEES,EMPLOYEE,Viewed employee list,,2025-11-03 14:27:12.770887,
66,admin,VIEW_EMPLOYEES,EMPLOYEE,Viewed employee list,,2025-11-03 14:27:12.830805,
67,admin,VIEW_EMPLOYEES,EMPLOYEE,Viewed employee list,,2025-11-03 14:27:16.834704,
68,admin,VIEW_EMPLOYEES,EMPLOYEE,Viewed employee list,,2025-11-03 14:27:16.899820,
69,admin,VIEW_EMPLOYEES,EMPLOYEE,Viewed employee list,,2025-11-03 14:36:26.020402,
70,admin,VIEW_EMPLOYEES,EMPLOYEE,Viewed employee list,,2025-11-03 14:36:26.093790,
71,admin,VIEW_EMPLOYEES,EMPLOYEE,Viewed employee list,,2025-11-03 14:36:34.943462,
72,admin,VIEW_EMPLOYEES,EMPLOYEE,Viewed employee list,,2025-11-03 14:36:35.002227,
73,admin,VIEW_EMPLOYEES,EMPLOYEE,Viewed employee list,,2025-11-03 14:38:16.671021,
74,admin,VIEW_EMPLOYEES,EMPLOYEE,Viewed employee list,,2025-11-03 14:38:16.731897,
75,admin,VIEW_EMPLOYEES,EMPLOYEE,Viewed employee list,,2025-11-03 14:38:18.070643,
76,admin,VIEW_EMPLOYEES,EMPLOYEE,Viewed employee list,,2025-11-03 14:38:18.129792,
77,1,LOGIN_SUCCESS,AUTH,User admin logged in successfully,127.0.0.1,2025-11-03 14:38:48.588447,
78,admin,VIEW_EMPLOYEES,EMPLOYEE,Viewed employee list,,2025-11-03 14:38:49.808221,
79,admin,VIEW_EMPLOYEES,EMPLOYEE,Viewed employee list,,2025-11-03 14:38:49.885223,
80,admin,VIEW_EMPLOYEES,EMPLOYEE,Viewed employee list,,2025-11-03 14:43:16.704886,
81,admin,VIEW_EMPLOYEES,EMPLOYEE,Viewed employee list,,2025-11-03 14:43:16.766149,
82,admin,VIEW_EMPLOYEES,EMPLOYEE,Viewed employee list,,2025-11-03 14:44:45.564032,
83,admin,VIEW_EMPLOYEES,EMPLOYEE,Viewed employee list,,2025-11-03 14:44:45.638587,
84,admin,VIEW_EMPLOYEES,EMPLOYEE,Viewed employee list,,2025-11-03 14:49:35.600386,
85,admin,VIEW_EMPLOYEES,EMPLOYEE,Viewed employee list,,2025-11-03 14:49:35.658970,
86,1,LOGIN_SUCCESS,AUTH,User admin logged in successfully,127.0.0.1,2025-11-03 14:54:13.563347,
87,admin,VIEW_EMPLOYEES,EMPLOYEE,Viewed employee list,,2025-11-03 14:54:14.709500,
88,admin,VIEW_EMPLOYEES,EMPLOYEE,Viewed employee list,,2025-11-03 14:54:14.767305,
89,admin,VIEW_EMPLOYEES,EMPLOYEE,Viewed employee list,,2025-11-03 14:54:16.610052,
90,admin,VIEW_EMPLOYEES,EMPLOYEE,Viewed employee list,,2025-11-03 14:54:16.667493,
91,1,LOGIN_SUCCESS,AUTH,User admin logged in successfully,127.0.0.1,2025-11-04 09:30:02.534358,
92,1,LOGIN_SUCCESS,AUTH,User admin logged in successfully,127.0.0.1,2025-11-04 09:40:13.260449,
93,admin,VIEW_EMPLOYEES,EMPLOYEE,Viewed employee list,,2025-11-04 09:40:14.457405,
94,admin,VIEW_EMPLOYEES,EMPLOYEE,Viewed employee list,,2025-11-04 09:40:14.533830,
95,admin,VIEW_EMPLOYEES,EMPLOYEE,Viewed employee list,,2025-11-04 09:40:16.951159,
96,admin,VIEW_EMPLOYEES,EMPLOYEE,Viewed employee list,,2025-11-04 09:40:17.002634,
97,admin,VIEW_EMPLOYEES,EMPLOYEE,Viewed employee list,,2025-11-04 09:49:41.710776,
98,admin,VIEW_EMPLOYEES,EMPLOYEE,Viewed employee list,,2025-11-04 09:49:41.774641,
99,1,LOGIN_SUCCESS,AUTH,User admin logged in successfully,127.0.0.1,2025-11-04 10:29:55.108885,
100,admin,VIEW_EMPLOYEES,EMPLOYEE,Viewed employee list,,2025-11-04 10:29:56.314386,
101,admin,VIEW_EMPLOYEES,EMPLOYEE,Viewed employee list,,2025-11-04 10:29:56.375115,
102,admin,VIEW_EMPLOYEES,EMPLOYEE,Viewed employee list,,2025-11-04 10:30:03.656458,
103,admin,VIEW_EMPLOYEES,EMPLOYEE,Viewed employee list,,2025-11-04 10:30:03.718809,
104,1,LOGIN_SUCCESS,AUTH,User admin logged in successfully,127.0.0.1,2025-11-04 11:02:49.974721,
105,admin,VIEW_EMPLOYEES,EMPLOYEE,Viewed employee list,,2025-11-04 11:02:51.146009,
106,admin,VIEW_EMPLOYEES,EMPLOYEE,Viewed employee list,,2025-11-04 11:02:51.209024,
107,1,LOGIN_SUCCESS,AUTH,User admin logged in successfully,127.0.0.1,2025-11-04 11:36:40.905895,
108,admin,VIEW_EMPLOYEES,EMPLOYEE,Viewed employee list,,2025-11-04 11:36:42.091132,
109,admin,VIEW_EMPLOYEES,EMPLOYEE,Viewed employee list,,2025-11-04 11:36:42.152801,
110,1,LOGIN_SUCCESS,AUTH,User admin logged in successfully,127.0.0.1,2025-11-04 12:06:18.669771,
111,admin,VIEW_EMPLOYEES,EMPLOYEE,Viewed employee list,,2025-11-04 12:06:19.811473,
112,admin,VIEW_EMPLOYEES,EMPLOYEE,Viewed employee list,,2025-11-04 12:06:19.879473,
113,admin,VIEW_EMPLOYEES,EMPLOYEE,Viewed employee list,,2025-11-04 12:06:21.971133,
114,admin,VIEW_EMPLOYEES,EMPLOYEE,Viewed employee list,,2025-11-04 12:06:22.029191,
115,admin,VIEW_EMPLOYEES,EMPLOYEE,Viewed employee list,,2025-11-04 12:06:32.986458,
116,admin,VIEW_EMPLOYEES,EMPLOYEE,Viewed employee list,,2025-11-04 12:06:33.065597,
117,1,LOGIN_SUCCESS,AUTH,User admin logged in successfully,127.0.0.1,2025-11-04 12:11:09.063166,
118,admin,VIEW_EMPLOYEES,EMPLOYEE,Viewed employee list,,2025-11-04 12:18:04.756089,
119,admin,VIEW_EMPLOYEES,EMPLOYEE,Viewed employee list,,2025-11-04 12:18:04.820046,
120,admin,VIEW_EMPLOYEES,EMPLOYEE,Viewed employee list,,2025-11-04 12:20:28.969001,
121,admin,VIEW_EMPLOYEES,EMPLOYEE,Viewed employee list,,2025-11-04 12:20:29.018485,
122,1,LOGIN_SUCCESS,AUTH,User admin logged in successfully,127.0.0.1,2025-11-04 12:24:26.342678,
123,admin,VIEW_EMPLOYEES,EMPLOYEE,Viewed employee list,,2025-11-04 12:24:27.472945,
124,admin,VIEW_EMPLOYEES,EMPLOYEE,Viewed employee list,,2025-11-04 12:24:27.537220,
125,admin,VIEW_EMPLOYEES,EMPLOYEE,Viewed employee list,,2025-11-04 12:24:30.972657,
126,admin,VIEW_EMPLOYEES,EMPLOYEE,Viewed employee list,,2025-11-04 12:24:31.030121,
127,admin,VIEW_EMPLOYEES,EMPLOYEE,Viewed employee list,,2025-11-04 12:24:34.081986,
128,admin,VIEW_EMPLOYEES,EMPLOYEE,Viewed employee list,,2025-11-04 12:24:34.131317,
129,admin,VIEW_EMPLOYEES,EMPLOYEE,Viewed employee list,,2025-11-04 12:24:50.929319,
130,admin,VIEW_EMPLOYEES,EMPLOYEE,Viewed employee list,,2025-11-04 12:24:50.978317,
131,admin,VIEW_EMPLOYEES,EMPLOYEE,Viewed employee list,,2025-11-04 12:24:57.407789,
132,admin,VIEW_EMPLOYEES,EMPLOYEE,Viewed employee list,,2025-11-04 12:24:57.460121,
133,admin,VIEW_EMPLOYEES,EMPLOYEE,Viewed employee list,,2025-11-04 12:25:11.108291,
134,admin,VIEW_EMPLOYEES,EMPLOYEE,Viewed employee list,,2025-11-04 12:25:11.157521,
135,admin,VIEW_EMPLOYEES,EMPLOYEE,Viewed employee list,,2025-11-04 12:32:41.167929,
136,admin,VIEW_EMPLOYEES,EMPLOYEE,Viewed employee list,,2025-11-04 12:32:41.216695,
137,admin,VIEW_EMPLOYEES,EMPLOYEE,Viewed employee list,,2025-11-04 12:32:44.617552,
138,admin,VIEW_EMPLOYEES,EMPLOYEE,Viewed employee list,,2025-11-04 12:32:44.666511,
139,admin,VIEW_EMPLOYEES,EMPLOYEE,Viewed employee list,,2025-11-04 12:32:48.221147,
140,admin,VIEW_EMPLOYEES,EMPLOYEE,Viewed employee list,,2025-11-04 12:32:48.271940,
141,admin,VIEW_EMPLOYEES,EMPLOYEE,Viewed employee list,,2025-11-04 12:32:53.268305,
142,admin,VIEW_EMPLOYEES,EMPLOYEE,Viewed employee list,,2025-11-04 12:32:53.331862,
143,admin,VIEW_EMPLOYEES,EMPLOYEE,Viewed employee list,,2025-11-04 12:32:55.936654,
144,admin,VIEW_EMPLOYEES,EMPLOYEE,Viewed employee list,,2025-11-04 12:32:55.985707,
145,admin,VIEW_EMPLOYEES,EMPLOYEE,Viewed employee list,,2025-11-04 12:32:57.872864,
146,admin,VIEW_EMPLOYEES,EMPLOYEE,Viewed employee list,,2025-11-04 12:32:57.922952,
147,admin,VIEW_EMPLOYEES,EMPLOYEE,Viewed employee list,,2025-11-04 12:33:11.469512,
148,admin,VIEW_EMPLOYEES,EMPLOYEE,Viewed employee list,,2025-11-04 12:33:11.519185,
149,1,LOGIN_SUCCESS,AUTH,User admin logged in successfully,127.0.0.1,2025-11-04 12:35:30.062041,
150,admin,VIEW_EMPLOYEES,EMPLOYEE,Viewed employee list,,2025-11-04 12:35:31.199506,
151,admin,VIEW_EMPLOYEES,EMPLOYEE,Viewed employee list,,2025-11-04 12:35:31.361961,
152,admin,VIEW_EMPLOYEES,EMPLOYEE,Viewed employee list,,2025-11-04 12:35:31.441600,
153,admin,VIEW_EMPLOYEES,EMPLOYEE,Viewed employee list,,2025-11-04 12:35:32.761864,
154,admin,VIEW_EMPLOYEES,EMPLOYEE,Viewed employee list,,2025-11-04 12:35:32.817914,
155,admin,VIEW_EMPLOYEES,EMPLOYEE,Viewed employee list,,2025-11-04 12:35:32.884223,
156,admin,VIEW_EMPLOYEES,EMPLOYEE,Viewed employee list,,2025-11-04 12:35:37.175928,
157,admin,VIEW_EMPLOYEES,EMPLOYEE,Viewed employee list,,2025-11-04 12:35:37.234471,
158,admin,VIEW_EMPLOYEES,EMPLOYEE,Viewed employee list,,2025-11-04 12:35:37.317711,
159,1,LOGIN_SUCCESS,AUTH,User admin logged in successfully,127.0.0.1,2025-11-04 12:35:45.363580,
160,admin,VIEW_EMPLOYEES,EMPLOYEE,Viewed employee list,,2025-11-04 12:35:46.488116,
161,admin,VIEW_EMPLOYEES,EMPLOYEE,Viewed employee list,,2025-11-04 12:35:46.560095,
162,admin,VIEW_EMPLOYEES,EMPLOYEE,Viewed employee list,,2025-11-04 12:35:48.122251,
163,admin,VIEW_EMPLOYEES,EMPLOYEE,Viewed employee list,,2025-11-04 12:35:48.199241,
164,admin,VIEW_EMPLOYEES,EMPLOYEE,Viewed employee list,,2025-11-04 12:35:48.306928,
165,1,LOGIN_SUCCESS,AUTH,User admin logged in successfully,127.0.0.1,2025-11-04 12:38:49.583137,
166,admin,VIEW_EMPLOYEES,EMPLOYEE,Viewed employee list,,2025-11-04 12:38:50.701024,
167,admin,VIEW_EMPLOYEES,EMPLOYEE,Viewed employee list,,2025-11-04 12:38:50.772655,
168,admin,VIEW_EMPLOYEES,EMPLOYEE,Viewed employee list,,2025-11-04 12:38:52.339905,
169,admin,VIEW_EMPLOYEES,EMPLOYEE,Viewed employee list,,2025-11-04 12:38:52.390623,
170,admin,VIEW_EMPLOYEES,EMPLOYEE,Viewed employee list,,2025-11-04 12:38:55.303352,
171,admin,VIEW_EMPLOYEES,EMPLOYEE,Viewed employee list,,2025-11-04 12:38:55.352863,
172,admin,ADD_EMPLOYEE,EMPLOYEE,Added employee huj,,2025-11-04 12:41:06.086055,
173,admin,VIEW_EMPLOYEES,EMPLOYEE,Viewed employee list,,2025-11-04 12:41:06.157597,
174,admin,VIEW_EMPLOYEES,EMPLOYEE,Viewed employee list,,2025-11-04 12:41:15.799189,
175,admin,VIEW_EMPLOYEES,EMPLOYEE,Viewed employee list,,2025-11-04 12:41:15.848928,
176,admin,VIEW_EMPLOYEES,EMPLOYEE,Viewed employee list,,2025-11-04 12:41:17.704041,
177,admin,VIEW_EMPLOYEES,EMPLOYEE,Viewed employee list,,2025-11-04 12:41:17.754783,
178,1,LOGIN_SUCCESS,AUTH,User admin logged in successfully,127.0.0.1,2025-11-04 12:43:47.783540,
179,admin,VIEW_EMPLOYEES,EMPLOYEE,Viewed employee list,,2025-11-04 12:43:51.405309,
180,admin,VIEW_EMPLOYEES,EMPLOYEE,Viewed employee list,,2025-11-04 12:43:51.455820,
181,admin,VIEW_EMPLOYEES,EMPLOYEE,Viewed employee list,,2025-11-04 12:43:53.866837,
182,admin,VIEW_EMPLOYEES,EMPLOYEE,Viewed employee list,,2025-11-04 12:43:53.917086,
183,1,LOGIN_SUCCESS,AUTH,User admin logged in successfully,127.0.0.1,2025-11-04 12:48:12.431171,
184,admin,VIEW_DASHBOARD,DASHBOARD,Viewed dashboard stats,,2025-11-04 12:48:13.602197,
185,admin,VIEW_DASHBOARD,DASHBOARD,Viewed dashboard stats,,2025-11-04 12:48:13.656191,
186,admin,VIEW_EMPLOYEES,EMPLOYEE,Viewed employee list,,2025-11-04 12:48:19.368567,
187,admin,VIEW_EMPLOYEES,EMPLOYEE,Viewed employee list,,2025-11-04 12:48:19.429928,
188,admin,VIEW_EMPLOYEES,EMPLOYEE,Viewed employee list,,2025-11-04 12:48:21.673723,
189,admin,VIEW_EMPLOYEES,EMPLOYEE,Viewed employee list,,2025-11-04 12:48:21.736794,
190,admin,VIEW_DASHBOARD,DASHBOARD,Viewed dashboard stats,,2025-11-04 12:51:27.509807,
191,admin,VIEW_DASHBOARD,DASHBOARD,Viewed dashboard stats,,2025-11-04 12:51:27.568846,
192,1,LOGIN_SUCCESS,AUTH,User admin logged in successfully,127.0.0.1,2025-11-04 12:51:33.567761,
193,admin,VIEW_DASHBOARD,DASHBOARD,Viewed dashboard stats,,2025-11-04 12:51:34.714713,
194,admin,VIEW_DASHBOARD,DASHBOARD,Viewed dashboard stats,,2025-11-04 12:51:34.780993,
195,admin,VIEW_EMPLOYEES,EMPLOYEE,Viewed employee list,,2025-11-04 12:51:37.044398,
196,admin,VIEW_EMPLOYEES,EMPLOYEE,Viewed employee list,,2025-11-04 12:51:37.106148,
197,admin,VIEW_EMPLOYEES,EMPLOYEE,Viewed employee list,,2025-11-04 12:51:43.944895,
198,admin,VIEW_EMPLOYEES,EMPLOYEE,Viewed employee list,,2025-11-04 12:51:44.005529,
199,admin,VIEW_EMPLOYEES,EMPLOYEE,Viewed employee list,,2025-11-04 12:51:47.926186,
200,admin,VIEW_EMPLOYEES,EMPLOYEE,Viewed employee list,,2025-11-04 12:51:47.987202,
201,admin,VIEW_DASHBOARD,DASHBOARD,Viewed dashboard stats,,2025-11-04 12:51:49.287881,
202,admin,VIEW_DASHBOARD,DASHBOARD,Viewed dashboard stats,,2025-11-04 12:51:49.342099,
203,admin,VIEW_EMPLOYEES,EMPLOYEE,Viewed employee list,,2025-11-04 12:52:02.448870,
204,admin,VIEW_EMPLOYEES,EMPLOYEE,Viewed employee list,,2025-11-04 12:52:02.506933,
205,admin,VIEW_EMPLOYEES,EMPLOYEE,Viewed employee list,,2025-11-04 12:59:30.623857,
206,1,LOGIN_SUCCESS,AUTH,User admin logged in successfully,127.0.0.1,2025-11-04 12:59:48.757234,
207,admin,VIEW_EMPLOYEES,EMPLOYEE,Viewed employee list,,2025-11-04 12:59:53.529185,
208,admin,VIEW_EMPLOYEES,EMPLOYEE,Viewed employee list,,2025-11-04 12:59:53.584823,
209,admin,VIEW_EMPLOYEES,EMPLOYEE,Viewed employee list,,2025-11-04 12:59:54.971104,
210,admin,VIEW_EMPLOYEES,EMPLOYEE,Viewed employee list,,2025-11-04 12:59:55.029430,
211,admin,VIEW_EMPLOYEES,EMPLOYEE,Viewed employee list,,2025-11-04 13:02:37.613835,
212,1,LOGIN_SUCCESS,AUTH,User admin logged in successfully,127.0.0.1,2025-11-04 13:06:16.210659,
213,admin,VIEW_EMPLOYEES,EMPLOYEE,Viewed employee list,,2025-11-04 13:06:17.376970,
214,admin,VIEW_EMPLOYEES,EMPLOYEE,Viewed employee list,,2025-11-04 13:06:17.434226,
215,admin,VIEW_EMPLOYEES,EMPLOYEE,Viewed employee list,,2025-11-04 13:06:24.315568,
216,admin,VIEW_EMPLOYEES,EMPLOYEE,Viewed employee list,,2025-11-04 13:06:24.380816,
217,admin,VIEW_EMPLOYEES,EMPLOYEE,Viewed employee list,,2025-11-04 13:06:25.374127,
218,admin,VIEW_EMPLOYEES,EMPLOYEE,Viewed employee list,,2025-11-04 13:06:25.432488,
219,admin,VIEW_EMPLOYEES,EMPLOYEE,Viewed employee list,,2025-11-04 13:06:28.618009,
220,admin,VIEW_EMPLOYEES,EMPLOYEE,Viewed employee list,,2025-11-04 13:06:28.681717,
221,admin,VIEW_EMPLOYEES,EMPLOYEE,Viewed employee list,,2025-11-04 13:06:31.463584,
222,admin,VIEW_EMPLOYEES,EMPLOYEE,Viewed employee list,,2025-11-04 13:06:31.519779,
223,admin,VIEW_EMPLOYEES,EMPLOYEE,Viewed employee list,,2025-11-04 13:06:41.831112,
224,admin,VIEW_EMPLOYEES,EMPLOYEE,Viewed employee list,,2025-11-04 13:06:41.891440,
225,admin,VIEW_EMPLOYEES,EMPLOYEE,Viewed employee list,,2025-11-04 13:06:43.263805,
226,admin,VIEW_EMPLOYEES,EMPLOYEE,Viewed employee list,,2025-11-04 13:06:43.319619,
227,admin,VIEW_EMPLOYEES,EMPLOYEE,Viewed employee list,,2025-11-04 13:10:39.529987,
228,admin,VIEW_EMPLOYEES,EMPLOYEE,Viewed employee list,,2025-11-04 13:10:39.604285,
229,admin,ADD_EMPLOYEE,EMPLOYEE,Added employee kim,,2025-11-04 13:10:57.934185,
230,admin,VIEW_EMPLOYEES,EMPLOYEE,Viewed employee list,,2025-11-04 13:10:58.011305,
231,admin,VIEW_EMPLOYEES,EMPLOYEE,Viewed employee list,,2025-11-04 13:11:01.578913,
232,admin,VIEW_EMPLOYEES,EMPLOYEE,Viewed employee list,,2025-11-04 13:11:01.644201,
233,admin,VIEW_EMPLOYEES,EMPLOYEE,Viewed employee list,,2025-11-04 13:11:05.119881,
234,admin,VIEW_EMPLOYEES,EMPLOYEE,Viewed employee list,,2025-11-04 13:11:05.183225,
235,1,LOGIN_SUCCESS,AUTH,User admin logged in successfully,127.0.0.1,2025-11-04 16:28:03.482336,
236,admin,VIEW_EMPLOYEES,EMPLOYEE,Viewed employee list,,2025-11-04 16:28:04.642292,
237,admin,VIEW_EMPLOYEES,EMPLOYEE,Viewed employee list,,2025-11-04 16:28:04.708462,
238,admin,VIEW_EMPLOYEES,EMPLOYEE,Viewed employee list,,2025-11-04 16:28:14.757901,
239,admin,VIEW_EMPLOYEES,EMPLOYEE,Viewed employee list,,2025-11-04 16:28:14.818342,
240,1,LOGIN_SUCCESS,AUTH,User admin logged in successfully,127.0.0.1,2025-11-04 17:03:29.250233,
241,admin,VIEW_EMPLOYEES,EMPLOYEE,Viewed employee list,,2025-11-04 17:03:30.497215,
242,admin,VIEW_EMPLOYEES,EMPLOYEE,Viewed employee list,,2025-11-04 17:03:30.574859,
243,admin,VIEW_EMPLOYEES,EMPLOYEE,Viewed employee list,,2025-11-04 17:03:44.508289,
244,admin,VIEW_EMPLOYEES,EMPLOYEE,Viewed employee list,,2025-11-04 17:03:44.571527,
245,admin,VIEW_EMPLOYEES,EMPLOYEE,Viewed employee list,,2025-11-04 17:09:09.337492,
246,admin,VIEW_EMPLOYEES,EMPLOYEE,Viewed employee list,,2025-11-04 17:09:09.398087,
247,admin,VIEW_EMPLOYEES,EMPLOYEE,Viewed employee list,,2025-11-04 17:09:10.817839,
248,admin,VIEW_EMPLOYEES,EMPLOYEE,Viewed employee list,,2025-11-04 17:09:10.877592,
249,admin,VIEW_EMPLOYEES,EMPLOYEE,Viewed employee list,,2025-11-04 17:09:11.736255,
250,admin,VIEW_EMPLOYEES,EMPLOYEE,Viewed employee list,,2025-11-04 17:09:11.796659,
251,admin,VIEW_EMPLOYEES,EMPLOYEE,Viewed employee list,,2025-11-04 17:09:16.488362,
252,admin,VIEW_EMPLOYEES,EMPLOYEE,Viewed employee list,,2025-11-04 17:09:16.546278,
253,admin,VIEW_EMPLOYEES,EMPLOYEE,Viewed employee list,,2025-11-04 17:10:35.101521,
254,admin,VIEW_EMPLOYEES,EMPLOYEE,Viewed employee list,,2025-11-04 17:13:25.088289,
255,admin,VIEW_EMPLOYEES,EMPLOYEE,Viewed employee list,,2025-11-04 17:13:25.150525,
256,admin,VIEW_EMPLOYEES,EMPLOYEE,Viewed employee list,,2025-11-04 17:13:48.952607,
257,admin,VIEW_EMPLOYEES,EMPLOYEE,Viewed employee list,,2025-11-04 17:13:55.669805,
258,admin,VIEW_EMPLOYEES,EMPLOYEE,Viewed employee list,,2025-11-04 17:13:55.719992,
259,admin,VIEW_EMPLOYEES,EMPLOYEE,Viewed employee list,,2025-11-04 17:13:57.181844,
260,admin,VIEW_EMPLOYEES,EMPLOYEE,Viewed employee list,,2025-11-04 17:13:57.232556,
261,admin,VIEW_EMPLOYEES,EMPLOYEE,Viewed employee list,,2025-11-04 17:15:28.137404,
262,admin,VIEW_EMPLOYEES,EMPLOYEE,Viewed employee list,,2025-11-04 17:17:11.106832,
263,admin,VIEW_EMPLOYEES,EMPLOYEE,Viewed employee list,,2025-11-04 17:17:26.111020,
264,admin,VIEW_EMPLOYEES,EMPLOYEE,Viewed employee list,,2025-11-04 17:17:41.125924,
265,admin,VIEW_EMPLOYEES,EMPLOYEE,Viewed employee list,,2025-11-04 17:17:57.095514,
266,admin,VIEW_EMPLOYEES,EMPLOYEE,Viewed employee list,,2025-11-04 17:18:12.086631,
267,admin,VIEW_EMPLOYEES,EMPLOYEE,Viewed employee list,,2025-11-04 17:18:27.110952,
268,1,LOGIN_SUCCESS,AUTH,User admin logged in successfully,127.0.0.1,2025-11-04 17:32:41.072199,
269,admin,VIEW_EMPLOYEES,EMPLOYEE,Viewed employee list,,2025-11-04 17:32:42.213003,
270,admin,VIEW_EMPLOYEES,EMPLOYEE,Viewed employee list,,2025-11-04 17:32:42.274572,
271,admin,VIEW_EMPLOYEES,EMPLOYEE,Viewed employee list,,2025-11-04 17:32:58.085756,
272,admin,VIEW_EMPLOYEES,EMPLOYEE,Viewed employee list,,2025-11-04 17:33:13.084516,
273,admin,VIEW_EMPLOYEES,EMPLOYEE,Viewed employee list,,2025-11-04 17:33:28.095461,
274,admin,VIEW_EMPLOYEES,EMPLOYEE,Viewed employee list,,2025-11-04 17:33:43.107727,
275,admin,VIEW_EMPLOYEES,EMPLOYEE,Viewed employee list,,2025-11-04 17:33:58.107379,
276,admin,VIEW_EMPLOYEES,EMPLOYEE,Viewed employee list,,2025-11-04 17:34:13.094015,
277,admin,VIEW_EMPLOYEES,EMPLOYEE,Viewed employee list,,2025-11-04 17:34:49.111681,
278,admin,VIEW_EMPLOYEES,EMPLOYEE,Viewed employee list,,2025-11-04 17:35:49.120239,
279,admin,VIEW_EMPLOYEES,EMPLOYEE,Viewed employee list,,2025-11-04 17:36:49.116333,
280,admin,VIEW_EMPLOYEES,EMPLOYEE,Viewed employee list,,2025-11-04 17:37:49.113607,
281,admin,VIEW_EMPLOYEES,EMPLOYEE,Viewed employee list,,2025-11-04 17:38:49.109953,
282,admin,VIEW_EMPLOYEES,EMPLOYEE,Viewed employee list,,2025-11-04 17:39:49.104857,
283,admin,VIEW_EMPLOYEES,EMPLOYEE,Viewed employee list,,2025-11-04 17:40:49.110319,
284,admin,VIEW_EMPLOYEES,EMPLOYEE,Viewed employee list,,2025-11-04 17:41:49.100747,
285,admin,VIEW_EMPLOYEES,EMPLOYEE,Viewed employee list,,2025-11-04 17:42:49.116674,
286,admin,VIEW_EMPLOYEES,EMPLOYEE,Viewed employee list,,2025-11-04 17:43:49.129765,
287,admin,VIEW_EMPLOYEES,EMPLOYEE,Viewed employee list,,2025-11-04 17:44:49.122786,
288,admin,VIEW_EMPLOYEES,EMPLOYEE,Viewed employee list,,2025-11-04 17:45:49.117462,
289,admin,VIEW_EMPLOYEES,EMPLOYEE,Viewed employee list,,2025-11-04 17:46:49.137338,
290,admin,VIEW_EMPLOYEES,EMPLOYEE,Viewed employee list,,2025-11-04 17:46:58.335099,
291,admin,VIEW_EMPLOYEES,EMPLOYEE,Viewed employee list,,2025-11-04 17:47:12.210763,
292,admin,VIEW_EMPLOYEES,EMPLOYEE,Viewed employee list,,2025-11-04 17:47:28.092758,
293,1,LOGIN_SUCCESS,AUTH,User admin logged in successfully,127.0.0.1,2025-11-04 17:50:02.849226,
294,admin,VIEW_EMPLOYEES,EMPLOYEE,Viewed employee list,,2025-11-04 17:50:04.005712,
295,admin,VIEW_EMPLOYEES,EMPLOYEE,Viewed employee list,,2025-11-04 17:50:04.090341,
296,admin,VIEW_EMPLOYEES,EMPLOYEE,Viewed employee list,,2025-11-04 17:50:19.098406,
297,admin,VIEW_EMPLOYEES,EMPLOYEE,Viewed employee list,,2025-11-04 17:50:34.084048,
298,admin,VIEW_EMPLOYEES,EMPLOYEE,Viewed employee list,,2025-11-04 17:50:49.107989,
299,admin,VIEW_EMPLOYEES,EMPLOYEE,Viewed employee list,,2025-11-04 17:51:04.106253,
300,admin,VIEW_EMPLOYEES,EMPLOYEE,Viewed employee list,,2025-11-04 17:51:19.088416,
301,admin,VIEW_EMPLOYEES,EMPLOYEE,Viewed employee list,,2025-11-04 17:51:34.096803,
302,admin,VIEW_EMPLOYEES,EMPLOYEE,Viewed employee list,,2025-11-04 17:51:49.138150,
303,admin,VIEW_EMPLOYEES,EMPLOYEE,Viewed employee list,,2025-11-04 17:52:08.653101,
304,admin,VIEW_EMPLOYEES,EMPLOYEE,Viewed employee list,,2025-11-04 17:52:18.990549,
305,admin,VIEW_EMPLOYEES,EMPLOYEE,Viewed employee list,,2025-11-04 17:52:34.113567,
306,admin,VIEW_EMPLOYEES,EMPLOYEE,Viewed employee list,,2025-11-04 17:52:49.116473,
307,admin,VIEW_EMPLOYEES,EMPLOYEE,Viewed employee list,,2025-11-04 17:53:04.108967,
308,admin,VIEW_EMPLOYEES,EMPLOYEE,Viewed employee list,,2025-11-04 17:53:19.098298,
309,admin,VIEW_EMPLOYEES,EMPLOYEE,Viewed employee list,,2025-11-04 17:53:49.157181,
310,admin,VIEW_EMPLOYEES,EMPLOYEE,Viewed employee list,,2025-11-04 17:54:18.307299,
311,admin,VIEW_EMPLOYEES,EMPLOYEE,Viewed employee list,,2025-11-04 17:54:18.381984,
312,admin,VIEW_EMPLOYEES,EMPLOYEE,Viewed employee list,,2025-11-04 17:54:34.133405,
313,admin,VIEW_EMPLOYEES,EMPLOYEE,Viewed employee list,,2025-11-04 17:54:49.198617,
314,admin,VIEW_EMPLOYEES,EMPLOYEE,Viewed employee list,,2025-11-04 17:54:49.265888,
315,admin,VIEW_EMPLOYEES,EMPLOYEE,Viewed employee list,,2025-11-04 17:55:04.143564,
316,admin,VIEW_EMPLOYEES,EMPLOYEE,Viewed employee list,,2025-11-04 17:55:19.153844,
317,admin,VIEW_EMPLOYEES,EMPLOYEE,Viewed employee list,,2025-11-04 17:55:34.245028,
318,admin,VIEW_EMPLOYEES,EMPLOYEE,Viewed employee list,,2025-11-04 17:55:49.180479,
319,admin,VIEW_EMPLOYEES,EMPLOYEE,Viewed employee list,,2025-11-04 17:55:49.255805,
320,admin,VIEW_EMPLOYEES,EMPLOYEE,Viewed employee list,,2025-11-04 17:56:04.137449,
321,admin,VIEW_EMPLOYEES,EMPLOYEE,Viewed employee list,,2025-11-04 17:56:19.168688,
322,admin,VIEW_EMPLOYEES,EMPLOYEE,Viewed employee list,,2025-11-04 17:56:34.183827,
323,admin,VIEW_EMPLOYEES,EMPLOYEE,Viewed employee list,,2025-11-04 17:56:49.170250,
324,admin,VIEW_EMPLOYEES,EMPLOYEE,Viewed employee list,,2025-11-04 17:56:49.240197,
325,admin,VIEW_EMPLOYEES,EMPLOYEE,Viewed employee list,,2025-11-04 17:57:04.164247,
326,admin,VIEW_EMPLOYEES,EMPLOYEE,Viewed employee list,,2025-11-04 17:57:19.135459,
327,admin,VIEW_EMPLOYEES,EMPLOYEE,Viewed employee list,,2025-11-04 17:57:34.132907,
328,admin,VIEW_EMPLOYEES,EMPLOYEE,Viewed employee list,,2025-11-04 17:57:49.168499,
329,admin,VIEW_EMPLOYEES,EMPLOYEE,Viewed employee list,,2025-11-04 17:57:49.250751,
330,admin,VIEW_EMPLOYEES,EMPLOYEE,Viewed employee list,,2025-11-04 17:58:04.167182,
331,admin,VIEW_EMPLOYEES,EMPLOYEE,Viewed employee list,,2025-11-04 17:58:19.117193,
332,admin,VIEW_EMPLOYEES,EMPLOYEE,Viewed employee list,,2025-11-04 17:58:34.152840,
333,admin,VIEW_EMPLOYEES,EMPLOYEE,Viewed employee list,,2025-11-04 17:58:49.153398,
334,admin,VIEW_EMPLOYEES,EMPLOYEE,Viewed employee list,,2025-11-04 17:58:49.233618,
335,admin,VIEW_EMPLOYEES,EMPLOYEE,Viewed employee list,,2025-11-04 17:59:23.093664,
336,admin,VIEW_EMPLOYEES,EMPLOYEE,Viewed employee list,,2025-11-04 17:59:23.159962,
337,admin,VIEW_EMPLOYEES,EMPLOYEE,Viewed employee list,,2025-11-04 17:59:49.173348,
338,admin,VIEW_EMPLOYEES,EMPLOYEE,Viewed employee list,,2025-11-04 17:59:49.240138,
339,admin,VIEW_EMPLOYEES,EMPLOYEE,Viewed employee list,,2025-11-04 18:00:49.166970,
340,admin,VIEW_EMPLOYEES,EMPLOYEE,Viewed employee list,,2025-11-04 18:00:49.232157,
341,admin,VIEW_EMPLOYEES,EMPLOYEE,Viewed employee list,,2025-11-04 18:01:49.113868,
342,admin,VIEW_EMPLOYEES,EMPLOYEE,Viewed employee list,,2025-11-04 18:01:49.180535,
343,admin,VIEW_EMPLOYEES,EMPLOYEE,Viewed employee list,,2025-11-04 18:02:17.011578,
344,admin,VIEW_EMPLOYEES,EMPLOYEE,Viewed employee list,,2025-11-04 18:02:17.071530,
345,admin,VIEW_EMPLOYEES,EMPLOYEE,Viewed employee list,,2025-11-04 18:02:18.572048,
346,admin,VIEW_EMPLOYEES,EMPLOYEE,Viewed employee list,,2025-11-04 18:02:18.634501,
347,admin,VIEW_EMPLOYEES,EMPLOYEE,Viewed employee list,,2025-11-04 18:02:19.677460,
348,admin,VIEW_EMPLOYEES,EMPLOYEE,Viewed employee list,,2025-11-04 18:02:19.733975,
349,admin,VIEW_EMPLOYEES,EMPLOYEE,Viewed employee list,,2025-11-04 18:02:43.186207,
350,admin,VIEW_EMPLOYEES,EMPLOYEE,Viewed employee list,,2025-11-04 18:02:43.251556,
351,admin,VIEW_EMPLOYEES,EMPLOYEE,Viewed employee list,,2025-11-04 18:02:49.193615,
352,admin,VIEW_EMPLOYEES,EMPLOYEE,Viewed employee list,,2025-11-04 18:02:49.265838,
353,admin,VIEW_EMPLOYEES,EMPLOYEE,Viewed employee list,,2025-11-04 18:03:04.123458,
354,admin,VIEW_EMPLOYEES,EMPLOYEE,Viewed employee list,,2025-11-04 18:03:19.126766,
355,admin,VIEW_EMPLOYEES,EMPLOYEE,Viewed employee list,,2025-11-04 18:03:34.185036,
356,admin,VIEW_EMPLOYEES,EMPLOYEE,Viewed employee list,,2025-11-04 18:03:49.158224,
357,admin,VIEW_EMPLOYEES,EMPLOYEE,Viewed employee list,,2025-11-04 18:03:49.221928,
358,admin,VIEW_EMPLOYEES,EMPLOYEE,Viewed employee list,,2025-11-04 18:04:49.135410,
359,admin,VIEW_EMPLOYEES,EMPLOYEE,Viewed employee list,,2025-11-04 18:04:49.203047,
360,1,LOGIN_SUCCESS,AUTH,User admin logged in successfully,127.0.0.1,2025-11-04 18:06:23.185406,
361,admin,VIEW_EMPLOYEES,EMPLOYEE,Viewed employee list,,2025-11-04 18:06:24.334165,
362,admin,VIEW_EMPLOYEES,EMPLOYEE,Viewed employee list,,2025-11-04 18:06:24.396235,
363,1,LOGIN_SUCCESS,AUTH,User admin logged in successfully,127.0.0.1,2025-11-04 18:22:27.856762,
364,admin,VIEW_EMPLOYEES,EMPLOYEE,Viewed employee list,,2025-11-04 18:22:29.013988,
365,admin,VIEW_EMPLOYEES,EMPLOYEE,Viewed employee list,,2025-11-04 18:22:29.092327,
366,admin,VIEW_EMPLOYEES,EMPLOYEE,Viewed employee list,,2025-11-04 18:22:36.327670,
367,admin,VIEW_EMPLOYEES,EMPLOYEE,Viewed employee list,,2025-11-04 18:22:36.387372,
368,admin,VIEW_EMPLOYEES,EMPLOYEE,Viewed employee list,,2025-11-04 18:22:40.077615,
369,admin,VIEW_EMPLOYEES,EMPLOYEE,Viewed employee list,,2025-11-04 18:22:40.137178,
370,admin,VIEW_EMPLOYEES,EMPLOYEE,Viewed employee list,,2025-11-04 18:26:01.771033,
371,admin,VIEW_EMPLOYEES,EMPLOYEE,Viewed employee list,,2025-11-04 18:26:01.852885,
372,admin,VIEW_EMPLOYEES,EMPLOYEE,Viewed employee list,,2025-11-04 18:26:16.827589,
373,admin,VIEW_EMPLOYEES,EMPLOYEE,Viewed employee list,,2025-11-04 18:26:32.140287,
374,admin,VIEW_EMPLOYEES,EMPLOYEE,Viewed employee list,,2025-11-04 18:26:47.128284,
375,admin,VIEW_EMPLOYEES,EMPLOYEE,Viewed employee list,,2025-11-04 18:27:02.117395,
376,admin,VIEW_EMPLOYEES,EMPLOYEE,Viewed employee list,,2025-11-04 18:27:17.115521,
377,admin,VIEW_EMPLOYEES,EMPLOYEE,Viewed employee list,,2025-11-04 18:27:32.121049,
378,admin,VIEW_EMPLOYEES,EMPLOYEE,Viewed employee list,,2025-11-04 18:27:49.201103,
379,admin,VIEW_EMPLOYEES,EMPLOYEE,Viewed employee list,,2025-11-04 18:28:49.200675,
380,admin,VIEW_EMPLOYEES,EMPLOYEE,Viewed employee list,,2025-11-04 18:29:49.626374,
381,admin,VIEW_EMPLOYEES,EMPLOYEE,Viewed employee list,,2025-11-04 18:30:38.340370,
382,1,LOGIN_SUCCESS,AUTH,User admin logged in successfully,127.0.0.1,2025-11-04 18:30:57.652113,
383,admin,VIEW_EMPLOYEES,EMPLOYEE,Viewed employee list,,2025-11-04 18:30:58.839094,
384,admin,VIEW_EMPLOYEES,EMPLOYEE,Viewed employee list,,2025-11-04 18:30:58.909204,
385,1,LOGIN_SUCCESS,AUTH,User admin logged in successfully,127.0.0.1,2025-11-04 18:35:37.044588,
386,admin,VIEW_EMPLOYEES,EMPLOYEE,Viewed employee list,,2025-11-04 18:35:38.187376,
387,admin,VIEW_EMPLOYEES,EMPLOYEE,Viewed employee list,,2025-11-04 18:35:38.247979,
388,admin,VIEW_EMPLOYEES,EMPLOYEE,Viewed employee list,,2025-11-04 18:35:45.759246,
389,admin,VIEW_EMPLOYEES,EMPLOYEE,Viewed employee list,,2025-11-04 18:35:45.815424,
390,admin,VIEW_EMPLOYEES,EMPLOYEE,Viewed employee list,,2025-11-04 18:35:47.082096,
391,admin,VIEW_EMPLOYEES,EMPLOYEE,Viewed employee list,,2025-11-04 18:35:47.139459,
392,admin,VIEW_EMPLOYEES,EMPLOYEE,Viewed employee list,,2025-11-04 18:43:07.408407,
393,admin,VIEW_EMPLOYEES,EMPLOYEE,Viewed employee list,,2025-11-04 18:43:07.470022,
394,admin,VIEW_EMPLOYEES,EMPLOYEE,Viewed employee list,,2025-11-04 18:47:23.550788,
395,admin,VIEW_EMPLOYEES,EMPLOYEE,Viewed employee list,,2025-11-04 18:47:23.611609,
396,admin,VIEW_EMPLOYEES,EMPLOYEE,Viewed employee list,,2025-11-04 18:47:29.177254,
397,admin,VIEW_EMPLOYEES,EMPLOYEE,Viewed employee list,,2025-11-04 18:47:29.239765,
398,1,LOGIN_SUCCESS,AUTH,User admin logged in successfully,127.0.0.1,2025-11-04 18:48:50.045535,
399,admin,VIEW_EMPLOYEES,EMPLOYEE,Viewed employee list,,2025-11-04 18:48:51.191937,
400,admin,VIEW_EMPLOYEES,EMPLOYEE,Viewed employee list,,2025-11-04 18:48:51.251836,
401,admin,VIEW_EMPLOYEES,EMPLOYEE,Viewed employee list,,2025-11-04 18:53:01.108935,
402,admin,VIEW_EMPLOYEES,EMPLOYEE,Viewed employee list,,2025-11-04 18:54:02.096284,
403,1,LOGIN_SUCCESS,AUTH,User admin logged in successfully,127.0.0.1,2025-11-04 18:54:36.923628,
404,admin,VIEW_EMPLOYEES,EMPLOYEE,Viewed employee list,,2025-11-04 18:54:38.079118,
405,admin,VIEW_EMPLOYEES,EMPLOYEE,Viewed employee list,,2025-11-04 18:54:38.138109,
406,admin,VIEW_EMPLOYEES,EMPLOYEE,Viewed employee list,,2025-11-04 18:55:38.207028,
407,1,LOGIN_SUCCESS,AUTH,User admin logged in successfully,127.0.0.1,2025-11-04 18:56:13.380738,
408,admin,VIEW_EMPLOYEES,EMPLOYEE,Viewed employee list,,2025-11-04 18:56:14.547197,
409,admin,VIEW_EMPLOYEES,EMPLOYEE,Viewed employee list,,2025-11-04 18:56:14.604290,
410,admin,VIEW_EMPLOYEES,EMPLOYEE,Viewed employee list,,2025-11-04 18:57:15.096565,
411,admin,VIEW_EMPLOYEES,EMPLOYEE,Viewed employee list,,2025-11-04 18:58:01.157989,
412,1,LOGIN_SUCCESS,AUTH,User admin logged in successfully,127.0.0.1,2025-11-04 18:58:59.215593,
413,admin,VIEW_EMPLOYEES,EMPLOYEE,Viewed employee list,,2025-11-04 18:59:00.459267,
414,admin,VIEW_EMPLOYEES,EMPLOYEE,Viewed employee list,,2025-11-04 18:59:00.533065,
415,1,LOGIN_SUCCESS,AUTH,User admin logged in successfully,127.0.0.1,2025-11-04 19:01:12.171072,
416,admin,VIEW_EMPLOYEES,EMPLOYEE,Viewed employee list,,2025-11-04 19:01:48.757168,
417,1,LOGIN_SUCCESS,AUTH,User admin logged in successfully,127.0.0.1,2025-11-04 19:02:52.909398,
418,admin,VIEW_EMPLOYEES,EMPLOYEE,Viewed employee list,,2025-11-04 19:02:54.077315,
419,admin,VIEW_EMPLOYEES,EMPLOYEE,Viewed employee list,,2025-11-04 19:02:54.147842,
420,admin,VIEW_EMPLOYEES,EMPLOYEE,Viewed employee list,,2025-11-04 19:03:49.220660,
421,admin,VIEW_EMPLOYEES,EMPLOYEE,Viewed employee list,,2025-11-04 19:04:26.684405,
422,admin,VIEW_EMPLOYEES,EMPLOYEE,Viewed employee list,,2025-11-04 19:04:26.755453,
423,admin,VIEW_EMPLOYEES,EMPLOYEE,Viewed employee list,,2025-11-04 19:04:43.101958,
424,admin,VIEW_EMPLOYEES,EMPLOYEE,Viewed employee list,,2025-11-04 19:04:43.169569,
425,admin,VIEW_EMPLOYEES,EMPLOYEE,Viewed employee list,,2025-11-04 19:04:44.465274,
426,admin,VIEW_EMPLOYEES,EMPLOYEE,Viewed employee list,,2025-11-04 19:04:44.528478,
427,admin,VIEW_EMPLOYEES,EMPLOYEE,Viewed employee list,,2025-11-04 19:06:14.858083,
428,admin,VIEW_EMPLOYEES,EMPLOYEE,Viewed employee list,,2025-11-04 19:06:14.924576,
429,admin,VIEW_EMPLOYEES,EMPLOYEE,Viewed employee list,,2025-11-04 19:06:28.047655,
430,admin,VIEW_EMPLOYEES,EMPLOYEE,Viewed employee list,,2025-11-04 19:06:28.109350,
431,1,LOGIN_SUCCESS,AUTH,User admin logged in successfully,127.0.0.1,2025-11-04 19:21:58.189476,
432,admin,VIEW_EMPLOYEES,EMPLOYEE,Viewed employee list,,2025-11-04 19:21:59.390230,
433,admin,VIEW_EMPLOYEES,EMPLOYEE,Viewed employee list,,2025-11-04 19:21:59.450851,
434,1,LOGIN_SUCCESS,AUTH,User admin logged in successfully,127.0.0.1,2025-11-17 13:49:35.408348,
435,admin,VIEW_EMPLOYEES,EMPLOYEE,Viewed employee list,,2025-11-17 13:49:36.668909,
436,admin,VIEW_EMPLOYEES,EMPLOYEE,Viewed employee list,,2025-11-17 13:49:36.731124,
437,admin,VIEW_EMPLOYEES,EMPLOYEE,Viewed employee list,,2025-11-17 13:49:44.523294,
438,admin,VIEW_EMPLOYEES,EMPLOYEE,Viewed employee list,,2025-11-17 13:49:44.587643,
439,admin,VIEW_EMPLOYEES,EMPLOYEE,Viewed employee list,,2025-11-17 13:49:50.265717,
440,admin,VIEW_EMPLOYEES,EMPLOYEE,Viewed employee list,,2025-11-17 13:49:50.332333,
441,admin,VIEW_EMPLOYEES,EMPLOYEE,Viewed employee list,,2025-11-17 13:49:55.044168,
442,admin,VIEW_EMPLOYEES,EMPLOYEE,Viewed employee list,,2025-11-17 13:49:55.110715,
443,admin,VIEW_EMPLOYEES,EMPLOYEE,Viewed employee list,,2025-11-17 13:49:58.424157,
444,admin,VIEW_EMPLOYEES,EMPLOYEE,Viewed employee list,,2025-11-17 13:49:58.492388,
445,1,LOGIN_SUCCESS,AUTH,User admin logged in successfully,127.0.0.1,2025-11-17 14:08:44.003826,
446,admin,VIEW_EMPLOYEES,EMPLOYEE,Viewed employee list,,2025-11-17 14:08:45.195979,
447,admin,VIEW_EMPLOYEES,EMPLOYEE,Viewed employee list,,2025-11-17 14:08:45.266948,
448,admin,VIEW_EMPLOYEES,EMPLOYEE,Viewed employee list,,2025-11-17 14:23:18.234680,
449,admin,VIEW_EMPLOYEES,EMPLOYEE,Viewed employee list,,2025-11-17 14:23:18.351288,
450,1,LOGIN_SUCCESS,AUTH,User admin logged in successfully,127.0.0.1,2025-11-17 14:23:28.610639,
451,admin,VIEW_EMPLOYEES,EMPLOYEE,Viewed employee list,,2025-11-17 14:23:29.845387,
452,admin,VIEW_EMPLOYEES,EMPLOYEE,Viewed employee list,,2025-11-17 14:23:29.925156,
453,admin,VIEW_EMPLOYEES,EMPLOYEE,Viewed employee list,,2025-11-17 14:23:32.909951,
454,admin,VIEW_EMPLOYEES,EMPLOYEE,Viewed employee list,,2025-11-17 14:23:32.976309,
455,admin,VIEW_EMPLOYEES,EMPLOYEE,Viewed employee list,,2025-11-17 14:23:35.288546,
456,admin,VIEW_EMPLOYEES,EMPLOYEE,Viewed employee list,,2025-11-17 14:23:35.362113,
457,admin,VIEW_EMPLOYEES,EMPLOYEE,Viewed employee list,,2025-11-17 14:23:42.726031,
458,admin,VIEW_EMPLOYEES,EMPLOYEE,Viewed employee list,,2025-11-17 14:23:42.822502,
459,admin,VIEW_EMPLOYEES,EMPLOYEE,Viewed employee list,,2025-11-17 14:27:30.829273,
460,admin,VIEW_EMPLOYEES,EMPLOYEE,Viewed employee list,,2025-11-17 14:27:30.892674,
461,admin,VIEW_EMPLOYEES,EMPLOYEE,Viewed employee list,,2025-11-17 14:27:35.501665,
462,admin,VIEW_EMPLOYEES,EMPLOYEE,Viewed employee list,,2025-11-17 14:27:35.564421,
463,admin,VIEW_EMPLOYEES,EMPLOYEE,Viewed employee list,,2025-11-17 14:27:37.017978,
464,admin,VIEW_EMPLOYEES,EMPLOYEE,Viewed employee list,,2025-11-17 14:27:37.083231,
465,1,LOGIN_SUCCESS,AUTH,User admin logged in successfully,127.0.0.1,2025-11-17 14:27:45.039780,
466,admin,VIEW_EMPLOYEES,EMPLOYEE,Viewed employee list,,2025-11-17 14:27:46.232645,
467,admin,VIEW_EMPLOYEES,EMPLOYEE,Viewed employee list,,2025-11-17 14:27:46.297819,
468,admin,VIEW_EMPLOYEES,EMPLOYEE,Viewed employee list,,2025-11-17 14:27:58.663400,
469,admin,VIEW_EMPLOYEES,EMPLOYEE,Viewed employee list,,2025-11-17 14:27:58.752076,
470,admin,VIEW_EMPLOYEES,EMPLOYEE,Viewed employee list,,2025-11-17 14:28:23.699023,
471,admin,VIEW_EMPLOYEES,EMPLOYEE,Viewed employee list,,2025-11-17 14:28:23.761367,
472,1,LOGIN_SUCCESS,AUTH,User admin logged in successfully,127.0.0.1,2025-11-17 14:35:35.787974,
473,admin,VIEW_EMPLOYEES,EMPLOYEE,Viewed employee list,,2025-11-17 14:35:36.990918,
474,admin,VIEW_EMPLOYEES,EMPLOYEE,Viewed employee list,,2025-11-17 14:35:37.066718,
475,1,LOGIN_SUCCESS,AUTH,User admin logged in successfully,127.0.0.1,2025-12-14 08:21:12.391367,
476,admin,VIEW_EMPLOYEES,EMPLOYEE,Viewed employee list,,2025-12-14 08:21:13.638804,
477,admin,VIEW_EMPLOYEES,EMPLOYEE,Viewed employee list,,2025-12-14 08:21:13.728787,
478,admin,VIEW_EMPLOYEES,EMPLOYEE,Viewed employee list,,2025-12-14 08:21:21.544935,
479,admin,VIEW_EMPLOYEES,EMPLOYEE,Viewed employee list,,2025-12-14 08:21:21.613882,
480,admin,VIEW_EMPLOYEES,EMPLOYEE,Viewed employee list,,2025-12-14 08:21:22.943446,
481,admin,VIEW_EMPLOYEES,EMPLOYEE,Viewed employee list,,2025-12-14 08:21:23.006980,
482,admin,VIEW_EMPLOYEES,EMPLOYEE,Viewed employee list,,2025-12-14 08:23:00.740710,
483,admin,VIEW_EMPLOYEES,EMPLOYEE,Viewed employee list,,2025-12-14 08:23:00.804712,
484,admin,VIEW_EMPLOYEES,EMPLOYEE,Viewed employee list,,2025-12-14 08:23:02.112551,
485,admin,VIEW_EMPLOYEES,EMPLOYEE,Viewed employee list,,2025-12-14 08:23:02.176296,
486,admin,VIEW_EMPLOYEES,EMPLOYEE,Viewed employee list,,2025-12-14 08:27:51.988945,
487,admin,VIEW_EMPLOYEES,EMPLOYEE,Viewed employee list,,2025-12-14 08:27:52.062453,
488,1,LOGIN_SUCCESS,AUTH,User admin logged in successfully,127.0.0.1,2025-12-14 08:40:57.633684,
489,admin,VIEW_EMPLOYEES,EMPLOYEE,Viewed employee list,,2025-12-14 08:40:58.844744,
490,admin,VIEW_EMPLOYEES,EMPLOYEE,Viewed employee list,,2025-12-14 08:40:58.908505,
491,admin,VIEW_EMPLOYEES,EMPLOYEE,Viewed employee list,,2025-12-14 08:41:13.305109,
492,admin,VIEW_EMPLOYEES,EMPLOYEE,Viewed employee list,,2025-12-14 08:41:13.367419,
493,admin,VIEW_EMPLOYEES,EMPLOYEE,Viewed employee list,,2025-12-14 08:41:19.642637,
494,admin,VIEW_EMPLOYEES,EMPLOYEE,Viewed employee list,,2025-12-14 08:41:19.699731,
495,admin,VIEW_EMPLOYEES,EMPLOYEE,Viewed employee list,,2025-12-14 08:41:24.612261,
496,admin,VIEW_EMPLOYEES,EMPLOYEE,Viewed employee list,,2025-12-14 08:41:24.677744,
497,admin,VIEW_EMPLOYEES,EMPLOYEE,Viewed employee list,,2025-12-14 08:41:31.558521,
498,admin,VIEW_EMPLOYEES,EMPLOYEE,Viewed employee list,,2025-12-14 08:41:31.622175,
499,admin,VIEW_EMPLOYEES,EMPLOYEE,Viewed employee list,,2025-12-14 08:41:33.473099,
500,admin,VIEW_EMPLOYEES,EMPLOYEE,Viewed employee list,,2025-12-14 08:41:33.535880,
501,admin,VIEW_EMPLOYEES,EMPLOYEE,Viewed employee list,,2025-12-14 08:41:35.750595,
502,admin,VIEW_EMPLOYEES,EMPLOYEE,Viewed employee list,,2025-12-14 08:41:35.814095,
503,admin,VIEW_EMPLOYEES,EMPLOYEE,Viewed employee list,,2025-12-14 08:48:13.882321,
504,admin,VIEW_EMPLOYEES,EMPLOYEE,Viewed employee list,,2025-12-14 08:48:13.970882,
505,admin,VIEW_EMPLOYEES,EMPLOYEE,Viewed employee list,,2025-12-14 08:48:16.339874,
506,admin,VIEW_EMPLOYEES,EMPLOYEE,Viewed employee list,,2025-12-14 08:48:16.403863,
507,admin,VIEW_EMPLOYEES,EMPLOYEE,Viewed employee list,,2025-12-14 08:48:23.267295,
508,admin,VIEW_EMPLOYEES,EMPLOYEE,Viewed employee list,,2025-12-14 08:48:23.331302,
509,1,LOGIN_SUCCESS,AUTH,User admin logged in successfully,127.0.0.1,2025-12-14 10:10:03.223778,
510,admin,VIEW_EMPLOYEES,EMPLOYEE,Viewed employee list,,2025-12-14 10:10:04.398968,
511,admin,VIEW_EMPLOYEES,EMPLOYEE,Viewed employee list,,2025-12-14 10:10:04.472304,
512,admin,VIEW_EMPLOYEES,EMPLOYEE,Viewed employee list,,2025-12-14 10:10:25.443874,
513,admin,VIEW_EMPLOYEES,EMPLOYEE,Viewed employee list,,2025-12-14 10:10:25.534801,
514,admin,VIEW_EMPLOYEES,EMPLOYEE,Viewed employee list,,2025-12-14 10:10:31.356483,
515,admin,VIEW_EMPLOYEES,EMPLOYEE,Viewed employee list,,2025-12-14 10:10:31.452163,
516,admin,VIEW_EMPLOYEES,EMPLOYEE,Viewed employee list,,2025-12-14 10:10:48.225854,
517,admin,VIEW_EMPLOYEES,EMPLOYEE,Viewed employee list,,2025-12-14 10:10:48.301927,
518,admin,VIEW_EMPLOYEES,EMPLOYEE,Viewed employee list,,2025-12-14 10:10:56.135670,
519,admin,VIEW_EMPLOYEES,EMPLOYEE,Viewed employee list,,2025-12-14 10:10:56.221888,
520,admin,VIEW_EMPLOYEES,EMPLOYEE,Viewed employee list,,2025-12-14 10:11:07.696955,
521,admin,VIEW_EMPLOYEES,EMPLOYEE,Viewed employee list,,2025-12-14 10:11:07.761663,
522,admin,VIEW_EMPLOYEES,EMPLOYEE,Viewed employee list,,2025-12-14 10:11:10.352155,
523,admin,VIEW_EMPLOYEES,EMPLOYEE,Viewed employee list,,2025-12-14 10:11:10.410727,
524,admin,VIEW_EMPLOYEES,EMPLOYEE,Viewed employee list,,2025-12-14 10:11:13.279654,
525,admin,VIEW_EMPLOYEES,EMPLOYEE,Viewed employee list,,2025-12-14 10:11:13.376085,
526,admin,VIEW_EMPLOYEES,EMPLOYEE,Viewed employee list,,2025-12-14 10:11:16.641413,
527,admin,VIEW_EMPLOYEES,EMPLOYEE,Viewed employee list,,2025-12-14 10:11:16.707006,
528,admin,VIEW_EMPLOYEES,EMPLOYEE,Viewed employee list,,2025-12-14 10:11:27.429404,
529,admin,VIEW_EMPLOYEES,EMPLOYEE,Viewed employee list,,2025-12-14 10:11:27.524491,
530,admin,VIEW_EMPLOYEES,EMPLOYEE,Viewed employee list,,2025-12-14 10:15:28.209044,
531,admin,VIEW_EMPLOYEES,EMPLOYEE,Viewed employee list,,2025-12-14 10:15:28.299891,
532,admin,VIEW_EMPLOYEES,EMPLOYEE,Viewed employee list,,2025-12-14 10:17:34.093031,
533,admin,VIEW_EMPLOYEES,EMPLOYEE,Viewed employee list,,2025-12-14 10:17:34.182879,
534,1,LOGIN_SUCCESS,AUTH,User admin logged in successfully,127.0.0.1,2025-12-14 10:27:05.830076,
535,admin,VIEW_EMPLOYEES,EMPLOYEE,Viewed employee list,,2025-12-14 10:27:07.023758,
536,admin,VIEW_EMPLOYEES,EMPLOYEE,Viewed employee list,,2025-12-14 10:27:07.118532,
537,admin,VIEW_EMPLOYEES,EMPLOYEE,Viewed employee list,,2025-12-14 10:27:09.820411,
538,admin,VIEW_EMPLOYEES,EMPLOYEE,Viewed employee list,,2025-12-14 10:27:09.882025,
539,admin,VIEW_EMPLOYEES,EMPLOYEE,Viewed employee list,,2025-12-14 10:27:22.617451,
540,admin,VIEW_EMPLOYEES,EMPLOYEE,Viewed employee list,,2025-12-14 10:27:22.683975,
541,admin,VIEW_EMPLOYEES,EMPLOYEE,Viewed employee list,,2025-12-14 10:27:31.647924,
542,admin,VIEW_EMPLOYEES,EMPLOYEE,Viewed employee list,,2025-12-14 10:27:31.715769,
543,admin,VIEW_EMPLOYEES,EMPLOYEE,Viewed employee list,,2025-12-14 10:27:38.553996,
544,admin,VIEW_EMPLOYEES,EMPLOYEE,Viewed employee list,,2025-12-14 10:27:38.624037,
545,admin,VIEW_EMPLOYEES,EMPLOYEE,Viewed employee list,,2025-12-14 10:28:45.074100,
546,admin,VIEW_EMPLOYEES,EMPLOYEE,Viewed employee list,,2025-12-14 10:28:45.154449,
547,admin,VIEW_EMPLOYEES,EMPLOYEE,Viewed employee list,,2025-12-14 10:29:16.648975,
548,admin,VIEW_EMPLOYEES,EMPLOYEE,Viewed employee list,,2025-12-14 10:29:16.742437,
549,admin,VIEW_EMPLOYEES,EMPLOYEE,Viewed employee list,,2025-12-14 10:29:24.430070,
550,admin,VIEW_EMPLOYEES,EMPLOYEE,Viewed employee list,,2025-12-14 10:29:24.502405,
551,admin,VIEW_EMPLOYEES,EMPLOYEE,Viewed employee list,,2025-12-14 10:29:29.893444,
552,admin,VIEW_EMPLOYEES,EMPLOYEE,Viewed employee list,,2025-12-14 10:29:29.988369,
553,admin,VIEW_EMPLOYEES,EMPLOYEE,Viewed employee list,,2025-12-14 10:32:35.309461,
554,admin,VIEW_EMPLOYEES,EMPLOYEE,Viewed employee list,,2025-12-14 10:32:35.378330,
555,1,LOGIN_SUCCESS,AUTH,User admin logged in successfully,127.0.0.1,2025-12-14 10:59:44.548217,
556,admin,VIEW_EMPLOYEES,EMPLOYEE,Viewed employee list,,2025-12-14 10:59:45.793316,
557,admin,VIEW_EMPLOYEES,EMPLOYEE,Viewed employee list,,2025-12-14 10:59:45.861518,
558,admin,VIEW_EMPLOYEES,EMPLOYEE,Viewed employee list,,2025-12-14 10:59:50.741193,
559,admin,VIEW_EMPLOYEES,EMPLOYEE,Viewed employee list,,2025-12-14 10:59:50.813537,
560,admin,VIEW_EMPLOYEES,EMPLOYEE,Viewed employee list,,2025-12-14 10:59:53.072031,
561,admin,VIEW_EMPLOYEES,EMPLOYEE,Viewed employee list,,2025-12-14 10:59:53.140882,
562,admin,VIEW_EMPLOYEES,EMPLOYEE,Viewed employee list,,2025-12-14 10:59:56.158237,
563,admin,VIEW_EMPLOYEES,EMPLOYEE,Viewed employee list,,2025-12-14 10:59:56.252054,
564,admin,VIEW_EMPLOYEES,EMPLOYEE,Viewed employee list,,2025-12-14 10:59:58.226730,
565,admin,VIEW_EMPLOYEES,EMPLOYEE,Viewed employee list,,2025-12-14 10:59:58.300429,
566,admin,VIEW_EMPLOYEES,EMPLOYEE,Viewed employee list,,2025-12-14 10:59:59.996354,
567,admin,VIEW_EMPLOYEES,EMPLOYEE,Viewed employee list,,2025-12-14 11:00:00.060321,
568,admin,VIEW_EMPLOYEES,EMPLOYEE,Viewed employee list,,2025-12-14 11:00:01.327535,
569,admin,VIEW_EMPLOYEES,EMPLOYEE,Viewed employee list,,2025-12-14 11:00:01.393947,
570,admin,VIEW_EMPLOYEES,EMPLOYEE,Viewed employee list,,2025-12-14 11:01:58.505701,
571,admin,VIEW_EMPLOYEES,EMPLOYEE,Viewed employee list,,2025-12-14 11:01:58.578639,
572,admin,VIEW_EMPLOYEES,EMPLOYEE,Viewed employee list,,2025-12-14 11:02:08.526155,
573,admin,VIEW_EMPLOYEES,EMPLOYEE,Viewed employee list,,2025-12-14 11:02:08.590590,
574,admin,VIEW_EMPLOYEES,EMPLOYEE,Viewed employee list,,2025-12-14 11:02:14.082774,
575,admin,VIEW_EMPLOYEES,EMPLOYEE,Viewed employee list,,2025-12-14 11:02:14.177961,
576,admin,VIEW_EMPLOYEES,EMPLOYEE,Viewed employee list,,2025-12-14 11:02:16.143154,
577,admin,VIEW_EMPLOYEES,EMPLOYEE,Viewed employee list,,2025-12-14 11:02:16.210162,
578,admin,VIEW_EMPLOYEES,EMPLOYEE,Viewed employee list,,2025-12-14 11:03:45.423051,
579,admin,VIEW_EMPLOYEES,EMPLOYEE,Viewed employee list,,2025-12-14 11:03:49.939538,
580,admin,VIEW_EMPLOYEES,EMPLOYEE,Viewed employee list,,2025-12-14 11:03:49.999994,
581,admin,VIEW_EMPLOYEES,EMPLOYEE,Viewed employee list,,2025-12-14 11:03:52.434387,
582,admin,VIEW_EMPLOYEES,EMPLOYEE,Viewed employee list,,2025-12-14 11:03:52.500055,
583,admin,VIEW_EMPLOYEES,EMPLOYEE,Viewed employee list,,2025-12-14 11:03:53.642538,
584,admin,VIEW_EMPLOYEES,EMPLOYEE,Viewed employee list,,2025-12-14 11:03:53.711447,
585,1,LOGIN_SUCCESS,AUTH,User admin logged in successfully,127.0.0.1,2025-12-14 11:05:05.291958,
586,admin,VIEW_EMPLOYEES,EMPLOYEE,Viewed employee list,,2025-12-14 11:05:06.505696,
587,admin,VIEW_EMPLOYEES,EMPLOYEE,Viewed employee list,,2025-12-14 11:05:06.570020,
588,admin,VIEW_EMPLOYEES,EMPLOYEE,Viewed employee list,,2025-12-14 11:05:08.466892,
589,admin,VIEW_EMPLOYEES,EMPLOYEE,Viewed employee list,,2025-12-14 11:05:08.531654,
590,admin,VIEW_EMPLOYEES,EMPLOYEE,Viewed employee list,,2025-12-14 11:05:09.804645,
591,admin,VIEW_EMPLOYEES,EMPLOYEE,Viewed employee list,,2025-12-14 11:05:09.863599,
592,admin,VIEW_EMPLOYEES,EMPLOYEE,Viewed employee list,,2025-12-14 11:05:10.654760,
593,admin,VIEW_EMPLOYEES,EMPLOYEE,Viewed employee list,,2025-12-14 11:05:10.720540,
594,admin,VIEW_EMPLOYEES,EMPLOYEE,Viewed employee list,,2025-12-14 11:05:11.491005,
595,admin,VIEW_EMPLOYEES,EMPLOYEE,Viewed employee list,,2025-12-14 11:05:11.551158,
596,1,LOGIN_SUCCESS,AUTH,User admin logged in successfully,127.0.0.1,2025-12-14 11:07:42.523123,
597,admin,VIEW_EMPLOYEES,EMPLOYEE,Viewed employee list,,2025-12-14 11:07:43.721354,
598,admin,VIEW_EMPLOYEES,EMPLOYEE,Viewed employee list,,2025-12-14 11:07:43.780672,
599,admin,VIEW_EMPLOYEES,EMPLOYEE,Viewed employee list,,2025-12-14 11:07:48.071350,
600,admin,VIEW_EMPLOYEES,EMPLOYEE,Viewed employee list,,2025-12-14 11:07:48.131108,
601,admin,VIEW_EMPLOYEES,EMPLOYEE,Viewed employee list,,2025-12-14 11:07:49.900586,
602,admin,VIEW_EMPLOYEES,EMPLOYEE,Viewed employee list,,2025-12-14 11:07:49.959875,
603,admin,VIEW_EMPLOYEES,EMPLOYEE,Viewed employee list,,2025-12-14 11:08:21.709672,
604,admin,VIEW_EMPLOYEES,EMPLOYEE,Viewed employee list,,2025-12-14 11:08:25.763193,
605,admin,VIEW_EMPLOYEES,EMPLOYEE,Viewed employee list,,2025-12-14 11:08:25.824187,
606,admin,VIEW_EMPLOYEES,EMPLOYEE,Viewed employee list,,2025-12-14 11:10:16.744799,
607,admin,VIEW_EMPLOYEES,EMPLOYEE,Viewed employee list,,2025-12-14 11:10:16.814390,
608,1,LOGIN_SUCCESS,AUTH,User admin logged in successfully,127.0.0.1,2025-12-14 11:22:00.882673,
609,admin,VIEW_EMPLOYEES,EMPLOYEE,Viewed employee list,,2025-12-14 11:22:02.084564,
610,admin,VIEW_EMPLOYEES,EMPLOYEE,Viewed employee list,,2025-12-14 11:22:02.172303,
611,1,LOGIN_SUCCESS,AUTH,User admin logged in successfully,127.0.0.1,2025-12-14 12:32:00.240178,
612,admin,VIEW_EMPLOYEES,EMPLOYEE,Viewed employee list,,2025-12-14 12:32:01.572946,
613,admin,VIEW_EMPLOYEES,EMPLOYEE,Viewed employee list,,2025-12-14 12:32:01.642052,
614,admin,VIEW_EMPLOYEES,EMPLOYEE,Viewed employee list,,2025-12-14 12:32:06.807347,
615,admin,VIEW_EMPLOYEES,EMPLOYEE,Viewed employee list,,2025-12-14 12:32:06.864677,
616,admin,VIEW_EMPLOYEES,EMPLOYEE,Viewed employee list,,2025-12-14 12:32:10.140559,
617,admin,VIEW_EMPLOYEES,EMPLOYEE,Viewed employee list,,2025-12-14 12:32:10.203272,
618,admin,VIEW_EMPLOYEES,EMPLOYEE,Viewed employee list,,2025-12-14 12:32:14.321369,
619,admin,VIEW_EMPLOYEES,EMPLOYEE,Viewed employee list,,2025-12-14 12:32:14.380170,
620,admin,VIEW_EMPLOYEES,EMPLOYEE,Viewed employee list,,2025-12-14 12:32:22.844811,
621,admin,VIEW_EMPLOYEES,EMPLOYEE,Viewed employee list,,2025-12-14 12:32:22.907200,
622,admin,VIEW_EMPLOYEES,EMPLOYEE,Viewed employee list,,2025-12-14 12:32:24.598597,
623,admin,VIEW_EMPLOYEES,EMPLOYEE,Viewed employee list,,2025-12-14 12:32:24.654948,
624,1,LOGIN_SUCCESS,AUTH,User admin logged in successfully,127.0.0.1,2025-12-14 12:42:28.720360,
625,admin,VIEW_EMPLOYEES,EMPLOYEE,Viewed employee list,,2025-12-14 12:42:29.903861,
626,admin,VIEW_EMPLOYEES,EMPLOYEE,Viewed employee list,,2025-12-14 12:42:29.967156,
627,1,LOGIN_SUCCESS,AUTH,User admin logged in successfully,127.0.0.1,2025-12-14 12:46:51.826436,
628,admin,VIEW_EMPLOYEES,EMPLOYEE,Viewed employee list,,2025-12-14 12:46:52.945043,
629,admin,VIEW_EMPLOYEES,EMPLOYEE,Viewed employee list,,2025-12-14 12:46:52.998258,
630,admin,VIEW_EMPLOYEES,EMPLOYEE,Viewed employee list,,2025-12-14 12:46:55.134445,
631,admin,VIEW_EMPLOYEES,EMPLOYEE,Viewed employee list,,2025-12-14 12:46:55.189487,
632,admin,VIEW_EMPLOYEES,EMPLOYEE,Viewed employee list,,2025-12-14 12:48:12.594726,
633,admin,VIEW_EMPLOYEES,EMPLOYEE,Viewed employee list,,2025-12-14 12:48:12.646793,
634,admin,VIEW_EMPLOYEES,EMPLOYEE,Viewed employee list,,2025-12-14 12:48:16.662023,
635,admin,VIEW_EMPLOYEES,EMPLOYEE,Viewed employee list,,2025-12-14 12:48:16.716062,
636,admin,VIEW_EMPLOYEES,EMPLOYEE,Viewed employee list,,2025-12-14 12:49:10.005087,
637,admin,VIEW_EMPLOYEES,EMPLOYEE,Viewed employee list,,2025-12-14 12:49:10.058392,
638,1,LOGIN_SUCCESS,AUTH,User admin logged in successfully,127.0.0.1,2025-12-14 13:05:41.326573,
639,admin,VIEW_EMPLOYEES,EMPLOYEE,Viewed employee list,,2025-12-14 13:05:42.511278,
640,admin,VIEW_EMPLOYEES,EMPLOYEE,Viewed employee list,,2025-12-14 13:05:42.577333,
641,admin,VIEW_EMPLOYEES,EMPLOYEE,Viewed employee list,,2025-12-14 13:06:14.051934,
642,admin,VIEW_EMPLOYEES,EMPLOYEE,Viewed employee list,,2025-12-14 13:06:14.111763,
643,admin,VIEW_EMPLOYEES,EMPLOYEE,Viewed employee list,,2025-12-14 13:06:16.398961,
644,admin,VIEW_EMPLOYEES,EMPLOYEE,Viewed employee list,,2025-12-14 13:06:16.456080,
645,1,LOGIN_SUCCESS,AUTH,User admin logged in successfully,127.0.0.1,2025-12-17 13:47:45.637421,
646,admin,VIEW_EMPLOYEES,EMPLOYEE,Viewed employee list,,2025-12-17 13:47:46.806800,
647,admin,VIEW_EMPLOYEES,EMPLOYEE,Viewed employee list,,2025-12-17 13:47:46.876681,
648,admin,VIEW_EMPLOYEES,EMPLOYEE,Viewed employee list,,2025-12-17 13:47:49.687620,
649,admin,VIEW_EMPLOYEES,EMPLOYEE,Viewed employee list,,2025-12-17 13:47:49.755090,
650,admin,VIEW_EMPLOYEES,EMPLOYEE,Viewed employee list,,2025-12-17 13:47:53.807279,
651,admin,VIEW_EMPLOYEES,EMPLOYEE,Viewed employee list,,2025-12-17 13:47:53.876008,
